Season,Name,Team,Age,W,L,ERA,G,GS,CG,ShO,SV,IP,TBF,H,R,ER,HR,BB,IBB,HBP,WP,BK,SO,Kd9,BBd9,KdBB,Hd9,HRd9,AVG,WHIP,BABIP,LOBp,FIP,RAR,WAR,playerid,ServiceTime,ratioIP,nextWAR
1963,Bob Gibson,Cardinals,27,18,9,3.39,36,33,14,2,0,254.2,1088,224,110,96,19,96,1,13,6,1,204,7.21,3.39,2.13,7.92,0.67,0.229,1.26,0.271,72.80%,3.13,37.2,4.4,1004662,4,1.129425649,5.8
1988,Mark Langston,Mariners,27,15,11,3.34,35,35,9,3,0,261.2,1078,222,108,97,32,110,2,3,7,4,235,8.08,3.78,2.14,7.64,1.1,0.23,1.27,0.272,78.20%,3.86,37.2,4.0,1007323,5,0.95712098,4.8
1970,Dave McNally,Orioles,27,24,9,3.22,40,40,16,1,0,296.0,1218,277,114,106,29,78,3,7,8,0,185,5.63,2.37,2.37,8.42,0.88,0.244,1.2,0.27,77.20%,3.52,45.9,4.9,1008655,8,0.757094595,1.8
