Season,Name,Team,Age,W,L,ERA,G,GS,CG,ShO,SV,IP,TBF,H,R,ER,HR,BB,IBB,HBP,WP,BK,SO,Kd9,BBd9,KdBB,Hd9,HRd9,AVG,WHIP,BABIP,LOBp,FIP,RAR,WAR,playerid,ServiceTime,ratioIP,nextWAR
1995,Kevin Appier,Royals,27,15,10,3.89,31,31,4,1,0,201.1,832,163,90,87,14,80,1,8,5,0,185,8.27,3.58,2.31,7.29,0.63,0.219,1.21,0.273,69.60%,3.48,52.6,5.3,3,6,1.049726504,6.3
2000,Brad Radke,Twins,27,12,16,4.45,34,34,4,1,0,226.2,978,261,119,112,27,51,1,5,5,0,141,5.6,2.03,2.76,10.36,1.07,0.283,1.38,0.31,70.90%,4.18,44.4,4.2,748,6,0.999115827,4.5
2013,David Price,Rays,27,10,8,3.33,27,27,4,0,0,186.2,740,178,78,69,16,27,0,3,6,0,151,7.28,1.3,5.59,8.58,0.77,0.251,1.1,0.298,70.00%,3.03,35.4,3.9,3184,5,1.332438238,5.6
1977,Jon Matlack,Mets,27,7,15,4.21,26,26,5,3,0,169.0,702,175,86,79,19,43,7,2,2,2,123,6.55,2.29,2.86,9.32,1.01,0.266,1.29,0.303,69.30%,3.54,24.6,2.6,1008246,7,1.597633136,6.8
1976,Rick Reuschel,Cubs,27,14,12,3.46,38,37,9,2,1,260.0,1078,260,117,100,17,64,5,8,7,1,146,5.05,2.22,2.28,9.0,0.59,0.258,1.25,0.288,69.80%,3.19,41.9,4.8,1010852,5,0.969230769,6.5
